setting,injury_burden_nonnull_pct,injury_burden_mean,injury_burden_p90,injury_burden_p99,rwd_rate_mean,durability_rate_mean,any_surgery_rate,any_tier3plus_rate,corr_injury_burden_vs_guarantee
lb3_lam0p35,0.8456221198156681,0.018077178823922162,0.040412336119665875,0.22991709573282754,0.01919010717553834,0.05186751678134798,0.1175115207373272,0.1175115207373272,-0.045501455976752876
lb3_lam0p5,0.8456221198156681,0.01331520499286573,0.029746158905541057,0.1752117671481207,0.013930368440417755,0.05186751678134798,0.1175115207373272,0.1175115207373272,-0.046969454065770015
lb3_lam0p7,0.8456221198156681,0.008971885626692771,0.0204399513660704,0.11160336713521034,0.009263268284466221,0.05186751678134798,0.1175115207373272,0.1175115207373272,-0.047938849868839506
lb5_lam0p35,0.8456221198156681,0.011711587281845426,0.026355678059446802,0.14418486886157253,0.012154503313849188,0.03531784609557478,0.12788018433179724,0.12788018433179724,-0.04689181560526182
lb5_lam0p5,0.8456221198156681,0.008438625640905067,0.019027456351582595,0.10877677631029771,0.008676278321494871,0.03531784609557478,0.12788018433179724,0.12788018433179724,-0.047950764443486144
lb5_lam0p7,0.8456221198156681,0.0055737732983943,0.012958271058809851,0.06884814601200023,0.00568361822653271,0.03531784609557478,0.12788018433179724,0.12788018433179724,-0.04846616785538153
